model,filename,ground_truth,predicted_class,correct,spoof_probability,bonafide_probability,confidence,latency_ms,sample_rate,duration_seconds
WWWxp/wav2vec2_spoof_dection1,0001.wav,genuine,genuine,True,0.48461878299713135,0.5153812170028687,0.5153812170028687,337.7814292907715,16000,4.9181875
WWWxp/wav2vec2_spoof_dection1,0002.wav,genuine,genuine,True,0.48711958527565,0.5128803849220276,0.5128803849220276,420.42064666748047,16000,5.7540625
WWWxp/wav2vec2_spoof_dection1,0003.wav,genuine,genuine,True,0.48324742913246155,0.5167525410652161,0.5167525410652161,775.1967906951904,16000,8.505625
WWWxp/wav2vec2_spoof_dection1,0004.wav,genuine,genuine,True,0.48268866539001465,0.5173113346099854,0.5173113346099854,456.3484191894531,16000,5.3245
WWWxp/wav2vec2_spoof_dection1,0005.wav,genuine,genuine,True,0.48821568489074707,0.5117842555046082,0.5117842555046082,1049.84712600708,16000,9.2255
WWWxp/wav2vec2_spoof_dection1,0006.wav,genuine,genuine,True,0.48311856389045715,0.5168814659118652,0.5168814659118652,691.4408206939697,16000,5.3825625
WWWxp/wav2vec2_spoof_dection1,0007.wav,genuine,genuine,True,0.48745131492614746,0.5125486254692078,0.5125486254692078,1095.933437347412,16000,6.682875
WWWxp/wav2vec2_spoof_dection1,0008.wav,genuine,genuine,True,0.4835905134677887,0.5164094567298889,0.5164094567298889,961.5175724029541,16000,7.7161875
WWWxp/wav2vec2_spoof_dection1,0009.wav,genuine,genuine,True,0.48475316166877747,0.5152469277381897,0.5152469277381897,764.3661499023438,16000,7.4026875
WWWxp/wav2vec2_spoof_dection1,0010.wav,genuine,genuine,True,0.4860071837902069,0.5139927864074707,0.5139927864074707,706.7668437957764,16000,6.9499375
WWWxp/wav2vec2_spoof_dection1,0001.wav,spoof,genuine,False,0.4823620319366455,0.5176380276679993,0.5176380276679993,520.0626850128174,16000,4.6904375
WWWxp/wav2vec2_spoof_dection1,0002.wav,spoof,genuine,False,0.48546305298805237,0.5145370364189148,0.5145370364189148,748.8799095153809,16000,7.186625
WWWxp/wav2vec2_spoof_dection1,0003.wav,spoof,genuine,False,0.4835924804210663,0.5164074897766113,0.5164074897766113,773.3409404754639,16000,7.267875
WWWxp/wav2vec2_spoof_dection1,0004.wav,spoof,genuine,False,0.4847860634326935,0.5152139663696289,0.5152139663696289,678.0972480773926,16000,6.6525625
WWWxp/wav2vec2_spoof_dection1,0005.wav,spoof,genuine,False,0.48682916164398193,0.5131708383560181,0.5131708383560181,893.5880661010742,16000,7.952875
WWWxp/wav2vec2_spoof_dection1,0006.wav,spoof,genuine,False,0.4848417341709137,0.5151582956314087,0.5151582956314087,622.5271224975586,16000,5.9443125
WWWxp/wav2vec2_spoof_dection1,0007.wav,spoof,genuine,False,0.48440495133399963,0.5155950784683228,0.5155950784683228,887.3963356018066,16000,8.452125
WWWxp/wav2vec2_spoof_dection1,0008.wav,spoof,genuine,False,0.4863545298576355,0.5136455297470093,0.5136455297470093,633.8114738464355,16000,6.2578125
WWWxp/wav2vec2_spoof_dection1,0009.wav,spoof,genuine,False,0.4813469648361206,0.5186530351638794,0.5186530351638794,577.2547721862793,16000,5.526375
WWWxp/wav2vec2_spoof_dection1,0010.wav,spoof,genuine,False,0.4861679971218109,0.5138319730758667,0.5138319730758667,983.2885265350342,16000,8.9629375
