model,filename,ground_truth,window_start,window_end,spoof_probability,bonafide_probability,predicted_class,latency_ms
abhishtagatya/wavlm-base-960h-itw-deepfake,0001.wav,genuine,0.0,3.0,0.0014258824521675706,0.9985741376876831,genuine,211.26699447631836
abhishtagatya/wavlm-base-960h-itw-deepfake,0001.wav,genuine,0.5,3.5,0.0014280308969318867,0.9985719919204712,genuine,214.8888111114502
abhishtagatya/wavlm-base-960h-itw-deepfake,0001.wav,genuine,1.0,4.0,0.0014258279697969556,0.9985741376876831,genuine,212.02826499938965
abhishtagatya/wavlm-base-960h-itw-deepfake,0001.wav,genuine,1.5,4.5,0.0014170320937409997,0.9985829591751099,genuine,211.37690544128418
abhishtagatya/wavlm-base-960h-itw-deepfake,0001.wav,genuine,1.9181875,4.9181875,0.0014356367755681276,0.9985644221305847,genuine,222.3057746887207
abhishtagatya/wavlm-base-960h-itw-deepfake,0002.wav,genuine,0.0,3.0,0.0018304556142538786,0.9981695413589478,genuine,218.7957763671875
abhishtagatya/wavlm-base-960h-itw-deepfake,0002.wav,genuine,0.5,3.5,0.0015237950719892979,0.9984762072563171,genuine,232.9556941986084
abhishtagatya/wavlm-base-960h-itw-deepfake,0002.wav,genuine,1.0,4.0,0.0014946359442546964,0.9985053539276123,genuine,217.75269508361816
abhishtagatya/wavlm-base-960h-itw-deepfake,0002.wav,genuine,1.5,4.5,0.0016274901572614908,0.998372495174408,genuine,225.92639923095703
abhishtagatya/wavlm-base-960h-itw-deepfake,0002.wav,genuine,2.0,5.0,0.0014353208243846893,0.9985646605491638,genuine,230.9091091156006
abhishtagatya/wavlm-base-960h-itw-deepfake,0002.wav,genuine,2.5,5.5,0.0014367022085934877,0.9985633492469788,genuine,229.82144355773926
abhishtagatya/wavlm-base-960h-itw-deepfake,0002.wav,genuine,2.7540625,5.7540625,0.001445390866138041,0.9985546469688416,genuine,232.269287109375
abhishtagatya/wavlm-base-960h-itw-deepfake,0003.wav,genuine,0.0,3.0,0.0014496922958642244,0.9985502362251282,genuine,231.9197654724121
abhishtagatya/wavlm-base-960h-itw-deepfake,0003.wav,genuine,0.5,3.5,0.001420681714080274,0.9985793828964233,genuine,222.8837013244629
abhishtagatya/wavlm-base-960h-itw-deepfake,0003.wav,genuine,1.0,4.0,0.0014366124523803592,0.9985633492469788,genuine,248.2001781463623
abhishtagatya/wavlm-base-960h-itw-deepfake,0003.wav,genuine,1.5,4.5,0.0014195780968293548,0.9985804557800293,genuine,224.24983978271484
abhishtagatya/wavlm-base-960h-itw-deepfake,0003.wav,genuine,2.0,5.0,0.0014184347819536924,0.9985815286636353,genuine,227.46658325195312
abhishtagatya/wavlm-base-960h-itw-deepfake,0003.wav,genuine,2.5,5.5,0.0014209103537723422,0.9985791444778442,genuine,219.3126678466797
abhishtagatya/wavlm-base-960h-itw-deepfake,0003.wav,genuine,3.0,6.0,0.0014366665855050087,0.9985633492469788,genuine,227.1716594696045
abhishtagatya/wavlm-base-960h-itw-deepfake,0003.wav,genuine,3.5,6.5,0.0015824310248717666,0.9984176158905029,genuine,254.45318222045898
abhishtagatya/wavlm-base-960h-itw-deepfake,0003.wav,genuine,4.0,7.0,0.0017191325314342976,0.9982808828353882,genuine,226.20677947998047
abhishtagatya/wavlm-base-960h-itw-deepfake,0003.wav,genuine,4.5,7.5,0.0015987189253792167,0.9984012246131897,genuine,224.8392105102539
abhishtagatya/wavlm-base-960h-itw-deepfake,0003.wav,genuine,5.0,8.0,0.004416853189468384,0.9955831170082092,genuine,228.8351058959961
abhishtagatya/wavlm-base-960h-itw-deepfake,0003.wav,genuine,5.5,8.5,0.0028188922442495823,0.9971811771392822,genuine,219.50864791870117
abhishtagatya/wavlm-base-960h-itw-deepfake,0003.wav,genuine,5.505625,8.505625,0.002427159808576107,0.9975728392601013,genuine,225.416898727417
abhishtagatya/wavlm-base-960h-itw-deepfake,0004.wav,genuine,0.0,3.0,0.0014174545649439096,0.9985826015472412,genuine,230.1793098449707
abhishtagatya/wavlm-base-960h-itw-deepfake,0004.wav,genuine,0.5,3.5,0.001476965844631195,0.9985230565071106,genuine,231.1549186706543
abhishtagatya/wavlm-base-960h-itw-deepfake,0004.wav,genuine,1.0,4.0,0.0014808570267632604,0.9985191226005554,genuine,226.38630867004395
abhishtagatya/wavlm-base-960h-itw-deepfake,0004.wav,genuine,1.5,4.5,0.0018886449979618192,0.998111367225647,genuine,228.93404960632324
abhishtagatya/wavlm-base-960h-itw-deepfake,0004.wav,genuine,2.0,5.0,0.0020931533072143793,0.9979069232940674,genuine,232.1465015411377
abhishtagatya/wavlm-base-960h-itw-deepfake,0004.wav,genuine,2.3245,5.3245,0.0016463168431073427,0.9983537197113037,genuine,225.0959873199463
abhishtagatya/wavlm-base-960h-itw-deepfake,0005.wav,genuine,0.0,3.0,0.001756133628077805,0.9982439279556274,genuine,223.4821319580078
abhishtagatya/wavlm-base-960h-itw-deepfake,0005.wav,genuine,0.5,3.5,0.0017332028364762664,0.9982668161392212,genuine,230.70025444030762
abhishtagatya/wavlm-base-960h-itw-deepfake,0005.wav,genuine,1.0,4.0,0.015020517632365227,0.9849794507026672,genuine,232.51032829284668
abhishtagatya/wavlm-base-960h-itw-deepfake,0005.wav,genuine,1.5,4.5,0.0058155301958322525,0.9941844344139099,genuine,227.5991439819336
abhishtagatya/wavlm-base-960h-itw-deepfake,0005.wav,genuine,2.0,5.0,0.0016602363903075457,0.9983397722244263,genuine,232.26094245910645
abhishtagatya/wavlm-base-960h-itw-deepfake,0005.wav,genuine,2.5,5.5,0.0014744995860382915,0.9985255599021912,genuine,226.13096237182617
abhishtagatya/wavlm-base-960h-itw-deepfake,0005.wav,genuine,3.0,6.0,0.0014292442938312888,0.9985706806182861,genuine,230.29255867004395
abhishtagatya/wavlm-base-960h-itw-deepfake,0005.wav,genuine,3.5,6.5,0.0014220528537407517,0.9985779523849487,genuine,238.25883865356445
abhishtagatya/wavlm-base-960h-itw-deepfake,0005.wav,genuine,4.0,7.0,0.0014312915736809373,0.9985686540603638,genuine,250.7166862487793
abhishtagatya/wavlm-base-960h-itw-deepfake,0005.wav,genuine,4.5,7.5,0.0014294151915237308,0.9985705614089966,genuine,245.56779861450195
abhishtagatya/wavlm-base-960h-itw-deepfake,0005.wav,genuine,5.0,8.0,0.0015601760242134333,0.9984398484230042,genuine,264.30702209472656
abhishtagatya/wavlm-base-960h-itw-deepfake,0005.wav,genuine,5.5,8.5,0.0016164375701919198,0.9983835220336914,genuine,243.70431900024414
abhishtagatya/wavlm-base-960h-itw-deepfake,0005.wav,genuine,6.0,9.0,0.0020057440269738436,0.9979943037033081,genuine,240.7991886138916
abhishtagatya/wavlm-base-960h-itw-deepfake,0005.wav,genuine,6.2255,9.2255,0.9961460828781128,0.003853920614346862,spoof,252.9444694519043
abhishtagatya/wavlm-base-960h-itw-deepfake,0006.wav,genuine,0.0,3.0,0.004194343462586403,0.9958056211471558,genuine,235.1663112640381
abhishtagatya/wavlm-base-960h-itw-deepfake,0006.wav,genuine,0.5,3.5,0.0017599293496459723,0.9982401132583618,genuine,241.17398262023926
abhishtagatya/wavlm-base-960h-itw-deepfake,0006.wav,genuine,1.0,4.0,0.0014435111079365015,0.9985564351081848,genuine,241.15395545959473
abhishtagatya/wavlm-base-960h-itw-deepfake,0006.wav,genuine,1.5,4.5,0.001422624452970922,0.998577356338501,genuine,231.4779758453369
abhishtagatya/wavlm-base-960h-itw-deepfake,0006.wav,genuine,2.0,5.0,0.0014172777300700545,0.9985827207565308,genuine,309.7355365753174
abhishtagatya/wavlm-base-960h-itw-deepfake,0006.wav,genuine,2.3825625,5.3825625,0.0014178405981510878,0.998582124710083,genuine,244.70901489257812
abhishtagatya/wavlm-base-960h-itw-deepfake,0007.wav,genuine,0.0,3.0,0.0014442343963310122,0.9985557198524475,genuine,231.29916191101074
abhishtagatya/wavlm-base-960h-itw-deepfake,0007.wav,genuine,0.5,3.5,0.0014213637914508581,0.998578667640686,genuine,232.64169692993164
abhishtagatya/wavlm-base-960h-itw-deepfake,0007.wav,genuine,1.0,4.0,0.0014245468191802502,0.9985754489898682,genuine,236.2360954284668
abhishtagatya/wavlm-base-960h-itw-deepfake,0007.wav,genuine,1.5,4.5,0.0014529055915772915,0.9985470175743103,genuine,231.9178581237793
abhishtagatya/wavlm-base-960h-itw-deepfake,0007.wav,genuine,2.0,5.0,0.001470443676225841,0.9985295534133911,genuine,234.85398292541504
abhishtagatya/wavlm-base-960h-itw-deepfake,0007.wav,genuine,2.5,5.5,0.0014790144050493836,0.9985210299491882,genuine,230.81707954406738
abhishtagatya/wavlm-base-960h-itw-deepfake,0007.wav,genuine,3.0,6.0,0.9975179433822632,0.0024821292608976364,spoof,230.21292686462402
abhishtagatya/wavlm-base-960h-itw-deepfake,0007.wav,genuine,3.5,6.5,0.9638946056365967,0.03610542044043541,spoof,244.8267936706543
abhishtagatya/wavlm-base-960h-itw-deepfake,0007.wav,genuine,3.682875,6.682875,0.9981485605239868,0.0018514655530452728,spoof,230.99040985107422
abhishtagatya/wavlm-base-960h-itw-deepfake,0008.wav,genuine,0.0,3.0,0.3868940770626068,0.6131058931350708,genuine,239.4251823425293
abhishtagatya/wavlm-base-960h-itw-deepfake,0008.wav,genuine,0.5,3.5,0.007843856699764729,0.9921561479568481,genuine,239.84193801879883
abhishtagatya/wavlm-base-960h-itw-deepfake,0008.wav,genuine,1.0,4.0,0.0022189063020050526,0.9977810978889465,genuine,245.50676345825195
abhishtagatya/wavlm-base-960h-itw-deepfake,0008.wav,genuine,1.5,4.5,0.003770020790398121,0.9962299466133118,genuine,241.54901504516602
abhishtagatya/wavlm-base-960h-itw-deepfake,0008.wav,genuine,2.0,5.0,0.0030383726116269827,0.9969616532325745,genuine,261.28458976745605
abhishtagatya/wavlm-base-960h-itw-deepfake,0008.wav,genuine,2.5,5.5,0.010898502543568611,0.9891014695167542,genuine,265.73824882507324
abhishtagatya/wavlm-base-960h-itw-deepfake,0008.wav,genuine,3.0,6.0,0.0022171037271618843,0.9977828860282898,genuine,259.60230827331543
abhishtagatya/wavlm-base-960h-itw-deepfake,0008.wav,genuine,3.5,6.5,0.012094983831048012,0.9879050254821777,genuine,281.41260147094727
abhishtagatya/wavlm-base-960h-itw-deepfake,0008.wav,genuine,4.0,7.0,0.03891501575708389,0.9610849618911743,genuine,253.81112098693848
abhishtagatya/wavlm-base-960h-itw-deepfake,0008.wav,genuine,4.5,7.5,0.9982264637947083,0.0017735832370817661,spoof,258.41617584228516
abhishtagatya/wavlm-base-960h-itw-deepfake,0008.wav,genuine,4.7161875,7.7161875,0.9979743361473083,0.002025655237957835,spoof,253.07440757751465
abhishtagatya/wavlm-base-960h-itw-deepfake,0009.wav,genuine,0.0,3.0,0.5426374673843384,0.45736247301101685,spoof,244.36211585998535
abhishtagatya/wavlm-base-960h-itw-deepfake,0009.wav,genuine,0.5,3.5,0.9013476371765137,0.0986524298787117,spoof,248.91185760498047
abhishtagatya/wavlm-base-960h-itw-deepfake,0009.wav,genuine,1.0,4.0,0.01013234443962574,0.9898676872253418,genuine,246.4885711669922
abhishtagatya/wavlm-base-960h-itw-deepfake,0009.wav,genuine,1.5,4.5,0.0018534212140366435,0.998146653175354,genuine,238.24524879455566
abhishtagatya/wavlm-base-960h-itw-deepfake,0009.wav,genuine,2.0,5.0,0.0014945041621103883,0.9985054731369019,genuine,251.79219245910645
abhishtagatya/wavlm-base-960h-itw-deepfake,0009.wav,genuine,2.5,5.5,0.002147156745195389,0.9978529214859009,genuine,250.20194053649902
abhishtagatya/wavlm-base-960h-itw-deepfake,0009.wav,genuine,3.0,6.0,0.002123473212122917,0.9978765249252319,genuine,247.18594551086426
abhishtagatya/wavlm-base-960h-itw-deepfake,0009.wav,genuine,3.5,6.5,0.0015379743417724967,0.9984620809555054,genuine,259.0751647949219
abhishtagatya/wavlm-base-960h-itw-deepfake,0009.wav,genuine,4.0,7.0,0.0014489954337477684,0.9985509514808655,genuine,240.85426330566406
abhishtagatya/wavlm-base-960h-itw-deepfake,0009.wav,genuine,4.4026875,7.4026875,0.0015185341471806169,0.9984814524650574,genuine,242.23756790161133
abhishtagatya/wavlm-base-960h-itw-deepfake,0010.wav,genuine,0.0,3.0,0.013273488730192184,0.9867265224456787,genuine,244.01092529296875
abhishtagatya/wavlm-base-960h-itw-deepfake,0010.wav,genuine,0.5,3.5,0.9963589310646057,0.0036410100292414427,spoof,240.07296562194824
abhishtagatya/wavlm-base-960h-itw-deepfake,0010.wav,genuine,1.0,4.0,0.17948508262634277,0.8205149173736572,genuine,266.0095691680908
abhishtagatya/wavlm-base-960h-itw-deepfake,0010.wav,genuine,1.5,4.5,0.6994109749794006,0.300588995218277,spoof,257.54332542419434
abhishtagatya/wavlm-base-960h-itw-deepfake,0010.wav,genuine,2.0,5.0,0.012434122152626514,0.9875659346580505,genuine,263.3378505706787
abhishtagatya/wavlm-base-960h-itw-deepfake,0010.wav,genuine,2.5,5.5,0.0024822247214615345,0.9975178241729736,genuine,249.88198280334473
abhishtagatya/wavlm-base-960h-itw-deepfake,0010.wav,genuine,3.0,6.0,0.0015365909785032272,0.9984633922576904,genuine,247.76434898376465
abhishtagatya/wavlm-base-960h-itw-deepfake,0010.wav,genuine,3.5,6.5,0.001417202060110867,0.9985828399658203,genuine,255.4619312286377
abhishtagatya/wavlm-base-960h-itw-deepfake,0010.wav,genuine,3.9499375,6.9499375,0.0014161767903715372,0.9985837936401367,genuine,257.568359375
abhishtagatya/wavlm-base-960h-itw-deepfake,0001.wav,spoof,0.0,3.0,0.9973586201667786,0.0026413234882056713,spoof,248.75593185424805
abhishtagatya/wavlm-base-960h-itw-deepfake,0001.wav,spoof,0.5,3.5,0.9947335720062256,0.005266399588435888,spoof,248.4891414642334
abhishtagatya/wavlm-base-960h-itw-deepfake,0001.wav,spoof,1.0,4.0,0.0037144224625080824,0.9962855577468872,genuine,239.99285697937012
abhishtagatya/wavlm-base-960h-itw-deepfake,0001.wav,spoof,1.5,4.5,0.002046136884018779,0.9979538917541504,genuine,261.4409923553467
abhishtagatya/wavlm-base-960h-itw-deepfake,0001.wav,spoof,1.6904375,4.6904375,0.4904806911945343,0.5095192790031433,genuine,300.0831604003906
abhishtagatya/wavlm-base-960h-itw-deepfake,0002.wav,spoof,0.0,3.0,0.001537757576443255,0.9984622001647949,genuine,254.12297248840332
abhishtagatya/wavlm-base-960h-itw-deepfake,0002.wav,spoof,0.5,3.5,0.0020287432707846165,0.99797123670578,genuine,255.02324104309082
abhishtagatya/wavlm-base-960h-itw-deepfake,0002.wav,spoof,1.0,4.0,0.003941616043448448,0.9960583448410034,genuine,242.8874969482422
abhishtagatya/wavlm-base-960h-itw-deepfake,0002.wav,spoof,1.5,4.5,0.0018491036025807261,0.9981508851051331,genuine,253.68332862854004
abhishtagatya/wavlm-base-960h-itw-deepfake,0002.wav,spoof,2.0,5.0,0.001498195342719555,0.9985017776489258,genuine,340.40141105651855
abhishtagatya/wavlm-base-960h-itw-deepfake,0002.wav,spoof,2.5,5.5,0.001514360890723765,0.9984856247901917,genuine,280.23576736450195
abhishtagatya/wavlm-base-960h-itw-deepfake,0002.wav,spoof,3.0,6.0,0.0016574078472331166,0.9983426332473755,genuine,282.6225757598877
abhishtagatya/wavlm-base-960h-itw-deepfake,0002.wav,spoof,3.5,6.5,0.0014873134205117822,0.9985126852989197,genuine,303.952693939209
abhishtagatya/wavlm-base-960h-itw-deepfake,0002.wav,spoof,4.0,7.0,0.0015502143651247025,0.9984498023986816,genuine,281.5210819244385
abhishtagatya/wavlm-base-960h-itw-deepfake,0002.wav,spoof,4.186625,7.186625,0.0017346093663945794,0.9982654452323914,genuine,276.7019271850586
abhishtagatya/wavlm-base-960h-itw-deepfake,0003.wav,spoof,0.0,3.0,0.0015026782639324665,0.9984973669052124,genuine,252.3796558380127
abhishtagatya/wavlm-base-960h-itw-deepfake,0003.wav,spoof,0.5,3.5,0.0015692769084125757,0.9984306693077087,genuine,261.31582260131836
abhishtagatya/wavlm-base-960h-itw-deepfake,0003.wav,spoof,1.0,4.0,0.0014408674323931336,0.9985591769218445,genuine,252.75158882141113
abhishtagatya/wavlm-base-960h-itw-deepfake,0003.wav,spoof,1.5,4.5,0.001542614190839231,0.9984574317932129,genuine,244.02403831481934
abhishtagatya/wavlm-base-960h-itw-deepfake,0003.wav,spoof,2.0,5.0,0.0014344792580232024,0.9985654950141907,genuine,247.9419708251953
abhishtagatya/wavlm-base-960h-itw-deepfake,0003.wav,spoof,2.5,5.5,0.001424711081199348,0.9985753297805786,genuine,250.31256675720215
abhishtagatya/wavlm-base-960h-itw-deepfake,0003.wav,spoof,3.0,6.0,0.0015356767689809203,0.9984643459320068,genuine,247.86782264709473
abhishtagatya/wavlm-base-960h-itw-deepfake,0003.wav,spoof,3.5,6.5,0.0028142808005213737,0.9971856474876404,genuine,256.0257911682129
abhishtagatya/wavlm-base-960h-itw-deepfake,0003.wav,spoof,4.0,7.0,0.0018194071017205715,0.998180627822876,genuine,267.4288749694824
abhishtagatya/wavlm-base-960h-itw-deepfake,0003.wav,spoof,4.267875,7.267875,0.0018616802990436554,0.9981383085250854,genuine,254.5011043548584
abhishtagatya/wavlm-base-960h-itw-deepfake,0004.wav,spoof,0.0,3.0,0.0019228882156312466,0.9980771541595459,genuine,250.6110668182373
abhishtagatya/wavlm-base-960h-itw-deepfake,0004.wav,spoof,0.5,3.5,0.001727210241369903,0.9982727766036987,genuine,266.2980556488037
abhishtagatya/wavlm-base-960h-itw-deepfake,0004.wav,spoof,1.0,4.0,0.0014590229839086533,0.998540997505188,genuine,261.31582260131836
abhishtagatya/wavlm-base-960h-itw-deepfake,0004.wav,spoof,1.5,4.5,0.0018272288143634796,0.9981727600097656,genuine,259.1738700866699
abhishtagatya/wavlm-base-960h-itw-deepfake,0004.wav,spoof,2.0,5.0,0.9954463839530945,0.004553624894469976,spoof,264.3392086029053
abhishtagatya/wavlm-base-960h-itw-deepfake,0004.wav,spoof,2.5,5.5,0.9968095421791077,0.00319044291973114,spoof,259.7765922546387
abhishtagatya/wavlm-base-960h-itw-deepfake,0004.wav,spoof,3.0,6.0,0.9983857870101929,0.0016142274253070354,spoof,253.3435821533203
abhishtagatya/wavlm-base-960h-itw-deepfake,0004.wav,spoof,3.5,6.5,0.9969077706336975,0.003092182334512472,spoof,261.1269950866699
abhishtagatya/wavlm-base-960h-itw-deepfake,0004.wav,spoof,3.6525625,6.6525625,0.9979168772697449,0.0020831699948757887,spoof,260.0715160369873
abhishtagatya/wavlm-base-960h-itw-deepfake,0005.wav,spoof,0.0,3.0,0.001424123765900731,0.9985759258270264,genuine,283.07294845581055
abhishtagatya/wavlm-base-960h-itw-deepfake,0005.wav,spoof,0.5,3.5,0.0014157189289107919,0.9985842704772949,genuine,308.7174892425537
abhishtagatya/wavlm-base-960h-itw-deepfake,0005.wav,spoof,1.0,4.0,0.0014146211324259639,0.9985853433609009,genuine,326.5359401702881
abhishtagatya/wavlm-base-960h-itw-deepfake,0005.wav,spoof,1.5,4.5,0.0014170887880027294,0.9985829591751099,genuine,328.24134826660156
abhishtagatya/wavlm-base-960h-itw-deepfake,0005.wav,spoof,2.0,5.0,0.001497822580859065,0.998502254486084,genuine,267.6122188568115
abhishtagatya/wavlm-base-960h-itw-deepfake,0005.wav,spoof,2.5,5.5,0.0014923588605597615,0.998507559299469,genuine,250.28228759765625
abhishtagatya/wavlm-base-960h-itw-deepfake,0005.wav,spoof,3.0,6.0,0.23769095540046692,0.7623090147972107,genuine,251.3422966003418
abhishtagatya/wavlm-base-960h-itw-deepfake,0005.wav,spoof,3.5,6.5,0.99702388048172,0.0029761558398604393,spoof,252.25591659545898
abhishtagatya/wavlm-base-960h-itw-deepfake,0005.wav,spoof,4.0,7.0,0.006347054615616798,0.9936529397964478,genuine,255.2344799041748
abhishtagatya/wavlm-base-960h-itw-deepfake,0005.wav,spoof,4.5,7.5,0.0044050575233995914,0.9955949187278748,genuine,273.0703353881836
abhishtagatya/wavlm-base-960h-itw-deepfake,0005.wav,spoof,4.952875,7.952875,0.0022589508444070816,0.9977411031723022,genuine,261.78789138793945
abhishtagatya/wavlm-base-960h-itw-deepfake,0006.wav,spoof,0.0,3.0,0.9984164237976074,0.0015836195088922977,spoof,251.04904174804688
abhishtagatya/wavlm-base-960h-itw-deepfake,0006.wav,spoof,0.5,3.5,0.9986067414283752,0.001393291400745511,spoof,255.8739185333252
abhishtagatya/wavlm-base-960h-itw-deepfake,0006.wav,spoof,1.0,4.0,0.9962213039398193,0.0037786103785037994,spoof,247.78175354003906
abhishtagatya/wavlm-base-960h-itw-deepfake,0006.wav,spoof,1.5,4.5,0.010488596744835377,0.9895114302635193,genuine,252.38656997680664
abhishtagatya/wavlm-base-960h-itw-deepfake,0006.wav,spoof,2.0,5.0,0.9909808039665222,0.009019136428833008,spoof,250.76699256896973
abhishtagatya/wavlm-base-960h-itw-deepfake,0006.wav,spoof,2.5,5.5,0.0036006339360028505,0.9963994026184082,genuine,256.82973861694336
abhishtagatya/wavlm-base-960h-itw-deepfake,0006.wav,spoof,2.9443125,5.9443125,0.20732218027114868,0.7926778197288513,genuine,274.9762535095215
abhishtagatya/wavlm-base-960h-itw-deepfake,0007.wav,spoof,0.0,3.0,0.0026613189838826656,0.9973387122154236,genuine,255.97691535949707
abhishtagatya/wavlm-base-960h-itw-deepfake,0007.wav,spoof,0.5,3.5,0.01696152798831463,0.9830384254455566,genuine,253.9968490600586
abhishtagatya/wavlm-base-960h-itw-deepfake,0007.wav,spoof,1.0,4.0,0.004691328853368759,0.9953086972236633,genuine,255.92041015625
abhishtagatya/wavlm-base-960h-itw-deepfake,0007.wav,spoof,1.5,4.5,0.0019822788890451193,0.9980176687240601,genuine,257.739782333374
abhishtagatya/wavlm-base-960h-itw-deepfake,0007.wav,spoof,2.0,5.0,0.9953617453575134,0.004638278391212225,spoof,250.34141540527344
abhishtagatya/wavlm-base-960h-itw-deepfake,0007.wav,spoof,2.5,5.5,0.002209405181929469,0.9977905750274658,genuine,253.69834899902344
abhishtagatya/wavlm-base-960h-itw-deepfake,0007.wav,spoof,3.0,6.0,0.0014691028045490384,0.9985308647155762,genuine,253.07774543762207
abhishtagatya/wavlm-base-960h-itw-deepfake,0007.wav,spoof,3.5,6.5,0.0016244511352851987,0.9983755350112915,genuine,270.94030380249023
abhishtagatya/wavlm-base-960h-itw-deepfake,0007.wav,spoof,4.0,7.0,0.0015478793065994978,0.9984520673751831,genuine,291.33081436157227
abhishtagatya/wavlm-base-960h-itw-deepfake,0007.wav,spoof,4.5,7.5,0.002120732795447111,0.9978792667388916,genuine,254.51064109802246
abhishtagatya/wavlm-base-960h-itw-deepfake,0007.wav,spoof,5.0,8.0,0.002440426032990217,0.9975595474243164,genuine,255.77235221862793
abhishtagatya/wavlm-base-960h-itw-deepfake,0007.wav,spoof,5.452125,8.452125,0.9972342848777771,0.002765739569440484,spoof,255.65743446350098
abhishtagatya/wavlm-base-960h-itw-deepfake,0008.wav,spoof,0.0,3.0,0.0014525770675390959,0.998547375202179,genuine,277.0218849182129
abhishtagatya/wavlm-base-960h-itw-deepfake,0008.wav,spoof,0.5,3.5,0.0014138846891000867,0.9985861778259277,genuine,259.89270210266113
abhishtagatya/wavlm-base-960h-itw-deepfake,0008.wav,spoof,1.0,4.0,0.0014127257745712996,0.9985872507095337,genuine,258.7721347808838
abhishtagatya/wavlm-base-960h-itw-deepfake,0008.wav,spoof,1.5,4.5,0.0014139276463538408,0.9985860586166382,genuine,257.7846050262451
abhishtagatya/wavlm-base-960h-itw-deepfake,0008.wav,spoof,2.0,5.0,0.001416279235854745,0.9985837936401367,genuine,258.6038112640381
abhishtagatya/wavlm-base-960h-itw-deepfake,0008.wav,spoof,2.5,5.5,0.001743693952448666,0.998256266117096,genuine,259.9608898162842
abhishtagatya/wavlm-base-960h-itw-deepfake,0008.wav,spoof,3.0,6.0,0.003731126431375742,0.9962688684463501,genuine,251.3730525970459
abhishtagatya/wavlm-base-960h-itw-deepfake,0008.wav,spoof,3.2578125,6.2578125,0.002690930850803852,0.9973090887069702,genuine,255.35988807678223
abhishtagatya/wavlm-base-960h-itw-deepfake,0009.wav,spoof,0.0,3.0,0.0014140219427645206,0.9985860586166382,genuine,256.62827491760254
abhishtagatya/wavlm-base-960h-itw-deepfake,0009.wav,spoof,0.5,3.5,0.0014175322139635682,0.9985824823379517,genuine,253.53765487670898
abhishtagatya/wavlm-base-960h-itw-deepfake,0009.wav,spoof,1.0,4.0,0.0014293612912297249,0.9985705614089966,genuine,255.11407852172852
abhishtagatya/wavlm-base-960h-itw-deepfake,0009.wav,spoof,1.5,4.5,0.001463838154450059,0.9985361099243164,genuine,257.2970390319824
abhishtagatya/wavlm-base-960h-itw-deepfake,0009.wav,spoof,2.0,5.0,0.9973047971725464,0.0026951723266392946,spoof,272.28331565856934
abhishtagatya/wavlm-base-960h-itw-deepfake,0009.wav,spoof,2.5,5.5,0.9986485838890076,0.0013514567399397492,spoof,285.4936122894287
abhishtagatya/wavlm-base-960h-itw-deepfake,0009.wav,spoof,2.526375,5.526375,0.998663067817688,0.001336878864094615,spoof,271.21901512145996
abhishtagatya/wavlm-base-960h-itw-deepfake,0010.wav,spoof,0.0,3.0,0.0014143006410449743,0.9985857009887695,genuine,254.79722023010254
abhishtagatya/wavlm-base-960h-itw-deepfake,0010.wav,spoof,0.5,3.5,0.001420067623257637,0.9985799789428711,genuine,262.920618057251
abhishtagatya/wavlm-base-960h-itw-deepfake,0010.wav,spoof,1.0,4.0,0.0014322241768240929,0.9985677003860474,genuine,252.33793258666992
abhishtagatya/wavlm-base-960h-itw-deepfake,0010.wav,spoof,1.5,4.5,0.00142115936614573,0.9985787868499756,genuine,252.86269187927246
abhishtagatya/wavlm-base-960h-itw-deepfake,0010.wav,spoof,2.0,5.0,0.002357679419219494,0.9976423382759094,genuine,259.1543197631836
abhishtagatya/wavlm-base-960h-itw-deepfake,0010.wav,spoof,2.5,5.5,0.0014200459700077772,0.9985799789428711,genuine,253.51381301879883
abhishtagatya/wavlm-base-960h-itw-deepfake,0010.wav,spoof,3.0,6.0,0.0014382196823135018,0.9985617995262146,genuine,255.05614280700684
abhishtagatya/wavlm-base-960h-itw-deepfake,0010.wav,spoof,3.5,6.5,0.0014371968572959304,0.9985628724098206,genuine,258.1470012664795
abhishtagatya/wavlm-base-960h-itw-deepfake,0010.wav,spoof,4.0,7.0,0.001416499144397676,0.9985835552215576,genuine,255.07640838623047
abhishtagatya/wavlm-base-960h-itw-deepfake,0010.wav,spoof,4.5,7.5,0.0014373973244801164,0.9985626339912415,genuine,259.2935562133789
abhishtagatya/wavlm-base-960h-itw-deepfake,0010.wav,spoof,5.0,8.0,0.0015857266262173653,0.9984142780303955,genuine,255.97715377807617
abhishtagatya/wavlm-base-960h-itw-deepfake,0010.wav,spoof,5.5,8.5,0.6879002451896667,0.3120996952056885,spoof,254.6384334564209
abhishtagatya/wavlm-base-960h-itw-deepfake,0010.wav,spoof,5.9629375,8.9629375,0.9985623955726624,0.001437602681107819,spoof,256.2410831451416
