threshold,Accuracy,Genuine Acc,Spoof Acc,FPR,FNR,Precision,Recall,F1,ROC-AUC,EER
0.05,0.6,0.5,0.7,0.5,0.3,0.5833333333333334,0.7,0.6363636363636364,N/A,N/A
0.10,0.6,0.5,0.7,0.5,0.3,0.5833333333333334,0.7,0.6363636363636364,N/A,N/A
0.15,0.6,0.5,0.7,0.5,0.3,0.5833333333333334,0.7,0.6363636363636364,N/A,N/A
0.20,0.6,0.5,0.7,0.5,0.3,0.5833333333333334,0.7,0.6363636363636364,N/A,N/A
0.25,0.6,0.5,0.7,0.5,0.3,0.5833333333333334,0.7,0.6363636363636364,N/A,N/A
0.30,0.6,0.5,0.7,0.5,0.3,0.5833333333333334,0.7,0.6363636363636364,N/A,N/A
0.35,0.6,0.5,0.7,0.5,0.3,0.5833333333333334,0.7,0.6363636363636364,N/A,N/A
0.40,0.6,0.5,0.7,0.5,0.3,0.5833333333333334,0.7,0.6363636363636364,N/A,N/A
0.45,0.6,0.5,0.7,0.5,0.3,0.5833333333333334,0.7,0.6363636363636364,N/A,N/A
0.50,0.6,0.5,0.7,0.5,0.3,0.5833333333333334,0.7,0.6363636363636364,N/A,N/A
0.55,0.6,0.5,0.7,0.5,0.3,0.5833333333333334,0.7,0.6363636363636364,N/A,N/A
0.60,0.6,0.5,0.7,0.5,0.3,0.5833333333333334,0.7,0.6363636363636364,N/A,N/A
0.65,0.6,0.5,0.7,0.5,0.3,0.5833333333333334,0.7,0.6363636363636364,N/A,N/A
0.70,0.6,0.5,0.7,0.5,0.3,0.5833333333333334,0.7,0.6363636363636364,N/A,N/A
0.75,0.6,0.5,0.7,0.5,0.3,0.5833333333333334,0.7,0.6363636363636364,N/A,N/A
0.80,0.6,0.5,0.7,0.5,0.3,0.5833333333333334,0.7,0.6363636363636364,N/A,N/A
0.85,0.6,0.5,0.7,0.5,0.3,0.5833333333333334,0.7,0.6363636363636364,N/A,N/A
0.90,0.6,0.5,0.7,0.5,0.3,0.5833333333333334,0.7,0.6363636363636364,N/A,N/A
0.95,0.65,0.6,0.7,0.4,0.3,0.6363636363636364,0.7,0.6666666666666666,N/A,N/A
