filename,ground_truth,spoof_probability,bonafide_probability
0001.wav,genuine,0.0014161861035972834,0.9985837936401367
0002.wav,genuine,0.001481356332078576,0.9985186457633972
0003.wav,genuine,0.0014549093320965767,0.9985451698303223
0004.wav,genuine,0.0014243732439354062,0.9985755681991577
0005.wav,genuine,0.001443048589862883,0.998556911945343
0006.wav,genuine,0.0014458292862400413,0.9985541701316833
0007.wav,genuine,0.001665681367740035,0.9983343482017517
0008.wav,genuine,0.9941304326057434,0.005869571585208178
0009.wav,genuine,0.0018702693050727248,0.9981297850608826
0010.wav,genuine,0.0014341172063723207,0.9985658526420593
0001.wav,spoof,0.010403011925518513,0.9895970225334167
0002.wav,spoof,0.0017347134416922927,0.9982653260231018
0003.wav,spoof,0.0014256354188546538,0.9985743761062622
0004.wav,spoof,0.02325357496738434,0.9767464399337769
0005.wav,spoof,0.0014339779736474156,0.9985660910606384
0006.wav,spoof,0.996369481086731,0.0036304749082773924
0007.wav,spoof,0.0018743700347840786,0.9981256127357483
0008.wav,spoof,0.0014352505095303059,0.9985647797584534
0009.wav,spoof,0.0021335617639124393,0.9978664517402649
0010.wav,spoof,0.0014388044364750385,0.9985612034797668
