threshold,accuracy,genuine_accuracy,spoof_accuracy,fpr,fnr,precision,recall,f1
0.05,0.5000,0.9000,0.1000,0.1000,0.9000,0.5000,0.1000,0.1667
0.10,0.5000,0.9000,0.1000,0.1000,0.9000,0.5000,0.1000,0.1667
0.15,0.5000,0.9000,0.1000,0.1000,0.9000,0.5000,0.1000,0.1667
0.20,0.5000,0.9000,0.1000,0.1000,0.9000,0.5000,0.1000,0.1667
0.25,0.5000,0.9000,0.1000,0.1000,0.9000,0.5000,0.1000,0.1667
0.30,0.5000,0.9000,0.1000,0.1000,0.9000,0.5000,0.1000,0.1667
0.35,0.5000,0.9000,0.1000,0.1000,0.9000,0.5000,0.1000,0.1667
0.40,0.5000,0.9000,0.1000,0.1000,0.9000,0.5000,0.1000,0.1667
0.45,0.5000,0.9000,0.1000,0.1000,0.9000,0.5000,0.1000,0.1667
0.50,0.5000,0.9000,0.1000,0.1000,0.9000,0.5000,0.1000,0.1667
0.55,0.5000,0.9000,0.1000,0.1000,0.9000,0.5000,0.1000,0.1667
0.60,0.5000,0.9000,0.1000,0.1000,0.9000,0.5000,0.1000,0.1667
0.65,0.5000,0.9000,0.1000,0.1000,0.9000,0.5000,0.1000,0.1667
0.70,0.5000,0.9000,0.1000,0.1000,0.9000,0.5000,0.1000,0.1667
0.75,0.5000,0.9000,0.1000,0.1000,0.9000,0.5000,0.1000,0.1667
0.80,0.5000,0.9000,0.1000,0.1000,0.9000,0.5000,0.1000,0.1667
0.85,0.5000,0.9000,0.1000,0.1000,0.9000,0.5000,0.1000,0.1667
0.90,0.5000,0.9000,0.1000,0.1000,0.9000,0.5000,0.1000,0.1667
0.95,0.5000,0.9000,0.1000,0.1000,0.9000,0.5000,0.1000,0.1667
